{
      "1": 10.026771031992517,
      "2": 32.2000853942837,
      "3": 6.611294017186103,
      "4": 3.1231903161418884,
      "5": 3.12852899523541,
      "6": 2.5515615823336497,
      "7": 4.0336891961809584,
      "8": 6.842081277221801,
      "9": 2.600901561491011,
      "10": 4.249935751605013,
      "11": 3.6005356692784125,
      "12": 2.508827759603931,
      "13": 1.9634327499945625,
      "14": 2.5261079235358004,
      "15": 2.5324798175534533,
      "16": 2.8319199867527773,
      "17": 3.2054073051511907,
      "18": 1.5582184013309623,
      "19": 3.307089338865319,
      "20": 4.317250586121434,
      "21": 4.293360472510222,
      "22": 4.3457762301084895,
      "23": 7.790644383720065,
      "24": 3.647287063588301,
      "25": 11.786295353182064,
      "26": 7.476983463165764,
      "27": 2.7128464799196643,
      "28": 2.890352537099029,
      "29": 2.938720654389094,
      "30": 4.294942497774327,
      "31": 3.8489127539986674,
      "32": 1.8334140186080214,
      "33": 3.69221748176295,
      "34": 3.561507633477211,
      "35": 4.005829352902793,
      "36": 2.5726426351860816,
      "37": 2.712525186708122,
      "38": 2.101967846648264,
      "39": 2.5823810176276045,
      "40": 1.3509242876816567,
      "41": 2.244411067491348,
      "42": 2.8422822074562006,
      "43": 2.8448141707784687,
      "44": 2.013293695831306,
      "45": 2.4487491400845607,
      "46": 1.71596930400282,
      "47": 1.8627404793520617,
      "48": 1.929245289870326,
      "49": 2.7498990679788067,
      "50": 0.4503718423328151
}